NomePES;DescricaoPES;NomeFVS;DescricaoFVS;Nivel;ItemVerificacao;ValidacaoItem;EtapaItem
8.5.1 /01-01-01;Locação de Lote ou Platô;8.6.1/ 01-01-01;Locação de Lote ou Platô;Bloco;Condições para início do serviço;Verificar se todos os projetos e informações estão ao acesso do executor, se as ferramentas e aparelhos envolvidos estão em condições, e estão aferidos. ;
;;;;;Ponto referencial;Verificar a existencia de uma ponto referencial e se o mesmo está cadastrado no aparelho e nos projetos.;
;;;;;Visada;Conferir se o ponto referencial atende a visada de locação, se não há algum obstáculo interferindo o trabalho.;
;;;;;Estacionamento do aparelho, ré e locação do ponto;Verificar se o aparelho foi estacionado com precisão, se foi realizado a ré para confirmação das coordenadas do aparelho.;
;;;;;Locação do ponto;Verificar se o ponto está foi locado com precisão e as estacas estão aprumadas, e com as cotas devidas marcadas e legiveis.;
8.5.1 /01-01-02;Escavação e Aterro (Manual ou Mecânico);8.6.1/ 01-01-02;Escavação e Aterro (Manual ou Mecânico);Bloco;Bota fora de materiais ;Verificar se toda a vegetação está sendo removida, se as raízes, plantações e materiais orgânicos estão sendo retirados, e destinados em local previamente estipulado pela engenharia.;
;;;;;Limpeza do terreno;Verificar se o terreno está limpo, se não existem entulhos, gramíneas, arbustos, etc. ;
;;;;;Condições para início da escavação e aterro;Verificar as condições do tempo não deve estar chuvoso, Verificar se a locação foi executada com cotas definidas e marcadas em estacas.;
;;;;;Material;Averiguar se o material do aterro,  é apropriado para tal aterro, é de boa qualidade e está sem impurezas.;
;;;;;Lançamento de camadas;Em caso de aterro, conferir se as camadas estão sendo lançadas de 20cm em 20cm de espessura, e somente após compactação da camada anterior.;
8.5.1 /01-01-03;Compactação de Aterro (Manual ou Mecânico);8.6.1/ 01-01-03;Compactação de Aterro (Manual ou Mecânico);Bloco;Lançamento das camadas;Conferir se está sendo lançado camadas de material, com aproximadamente 20 cm de espessura.;
;;;;;Escarificação do solo;Verificar se o solo foi escarificado e está homogênio.;
;;;;;Homogeneidade do solo e compactação mecânica;Verificar se o solo está na umidade ótima para compactação, e se o rolo compactador está trabalhando com a intensidade necessária, se foram dadas o número necessário de fechadas e se o solo atingiu o grau de compactação especificado de 95%.;
;;;;;Compactação Manual;Para serviços manuais verificar se o solo foi umedecido, se foi devidamente esparramado no nivel necessario, verificar se a quantidade de passadas com o sapo mecanico está suficiente para a devida compactação do solo.;
;;;;;Nivelamento;Conferir o nível do platô acabado, a tolerância entre o nível demarcado e o real é de no máximo 2cm.;
8.5.1 /01-01-04;Locação de Fundação;8.6.1/ 01-01-04;Locação de Fundação;Bloco;Condições para início do serviço;Verificar se todos os projetos e informações estão ao acesso do executor, se as ferramentas e aparelhos envolvidos estão em condições, e se estão calibrados ou aferidos. ;
;;;;;Ponto referencial;Verificar a existencia de uma ponto referencial e se o mesmo está cadastrado no aparelho e nos projetos.;
;;;;;Visada;Conferir se o ponto referencial atende a visada de locação, se não há algum obstáculo interferindo o trabalho.;
;;;;;Estacionamento do aparelho e  ré ;Verificar se o aparelho foi estacionado com precisão, se foi realizado a ré para confirmação das coordenadas do aparelho.;
;;;;;Locação do ponto;Verificar se o ponto foi locado com precisão e os pregos, piquetes ou vergalhões estão firmes e nas medidas corretas, verificar se posição e afastamentos estão conforme projeto.;
8.5.1 /01-01-05;Execução de Fundação Tipo Radier ;8.6.1/ 01-01-05;Execução de Fundação Tipo Radier ;Bloco;Nivelamento;Verificar se as taliscas estão posicionadas corretamente, devendo indicar o nível final do radier;
;;;;;Tubulação de AF, esgoto e elétrica;Verificar se o encanamento de esgoto está posicionado corretamente, se o KIT foi feito de acordo com projeto e se foram respeitadas as declividades. Verificar se a tubulação de água fria está correta e também verificar se os conduítes foram passados corretamente.;
;;;;;Preparo da forma e do terreno;Conferir se montagem da forma metálica ao redor da casa (mais calçada) está no esquadro (de acordo com a locação de cantos da topografia). O terreno deve estar totalmente nivelado com as taliscas, sendo que os locais mais rebaixados preenchidos com brita 0 ou pó de brita.;
;;;;;Ferragem, espaçadores  e isolamento;Verificar se a manta plástica com finalidade de isolamento e impermeabilização foi colocada e se está em boas condições. Averiguar se a armadura ( Tela) foi colocada corretamente, sendo que o trespasse mínimo entre uma tela e outra é de 30 cm, e verificar os espaçadores estão devidamente colocados, sendo um total de 75 unidades colocados a cada 90 cm cada nas duas direções.;
;;;;;Concretagem, resultados finais;Verificar se os ensaio de slump foi realizado e conferir se está dentro do especificado (14cm +/-2cm), se estiver OK, verificar se foi retirarado 4 corpos de prova por radier para ensaios. Verificar se o concreto foi adensado, seja manual (com régua) para espessura menor que 12 cm, ou mecanicamente (com vibrador, ou regua vibratória) para espessuras acima de 12 cm, e se foi mantido o cobrimento da armadura cerca de 2cm do fundo. Apos concretagem verificar foi realizada a cura com água duas vezes por dia após a concretagrem durante no minimo  3 dias.;
8.5.1 /01-01-06;Execução de Fundação Tipo Broca;8.6.1/ 01-01-06;Execução de Fundação Tipo Broca;Bloco;Condições para início do serviço;Verificar se o local está limpo, sem a presença de gramíneas, entulhos,etc. Verificar se o terreno está nivelado. Verificar se o equipamento para escavação das brocas está disponivel para realização do serviço.;
;;;;;Locação das brocas;Conferir se o gabarito está na posição correta e nivelado. Conferir a locação das brocas de acordo com o projeto estrutural. ;
;;;;;Escavação das brocas;Checar a profundidade e diâmetro de cada broca, sendo que a profundidade correta está definida em projeto estrutural.;
;;;;;Armação;Conferir a armação das estacas esta de acordo com projeto estrutural. Conferir se a armação (espera) é suficiente para engastar na ferragem das  vigas baldrames. Verificar se a estacas (armadura de espera) estão devidamente locadas conforme locação do gabarito.;
;;;;;Concretagem;Molhar a broca antes da concretagem, quando possivel lançar uma camada de concreto seco e compactar com soquete metalico, para brocas mais profundas em que a armadura não chega ao fundo, lançar o concreto ate a altura que possibilite a colocação da armadura. Verificar se foi deixado a espera nas estacas para receber as vigas baldrames ou blocos, Verficar se a altura da cabeça da broca esta de acordo com a especificada.;
8.5.1 /01-01-07;Corte, Dobra e Montagem de Armadura ;8.6.1/ 01-01-07;Corte, Dobra e Montagem de Armadura ;Pavimento;Cuidados especiais;Verificar se já um plano de corte eficiente, com o menor percentual de desperdicio possivel, verificar se so cortes estão de acordo com os projetos. ;
;;;;;Montagem em bancadas;Verificar se as peças montadas em bancada estão dimesionadas conforme projeto, e estão identificadas para o local correto de aplicação, verificar em projeto as posições da armaduras, e se o diametro das barras e os espaçamentos estão corretos.;
;;;;;Armadura de vigas, pilares e outras;Verificar se ao transportar armaduras como vigas, pilares e peças menores os vergalhões permanecem nas posições corretas, e estão com a destinação correta. Verificar se a peça foi fabricada conforme necessidade da aplicação, ou seja, ficou com as dimensões corretas.;
;;;;;Paredes de concreto;Para armaduras de paredes de concreto, verificar se  paineis estão sendo bem ancorados por arranques chumbados no concreto,  verificar se foi colocado reforço nos cantos das paredes, verificar se foram colocados as barras de reforço nas vergas e contravergas, e no respaldo das paredes.;
;;;;;Cuidados finais;As vigas devem estar alinhadas e nos devidos níveis, e os pilares aprumados e respeitando os espaçamentos. Para armadura de paredes, verificar se as telas estão aprumadas no cantos, verificar se não houve erros no corte das telas e verificar se foi deixado restos de ferragens no local executado, evidenciando desperdicios. ;
8.5.1 /01-01-08;Preparo e Execução de Fôrma;8.6.1/ 01-01-08;Preparo e Execução de Fôrma;Apartamento;Cuidados iniciais;Para formas de compensado, verificar se o material está disponivel para confecção das formas, para formas metalicas verificar se todos os itens e acessórios estão disponiveis para uso.;
;;;;;Preparo e confecção de formas;Para formas de compensado, verificar em projeto as dimensões da peça, se os espaçamentos das gravatas são suficientes para suportar o empuxo do concreto. Para  formas metalicas verificar a paginação da parede e a numeração dos paineis estão na sequencia correta.;
;;;;;Montagem de formas;Conferir se as dimensões da peça está conforme projeto, verificar se  foi montada respitando o esquadro e os espaçamentos, para formas metalicas verificar se as dimensões do comodos estão conforme projeto. ;
;;;;;Travamentos das formas;Para formas de madeira verificar se forma estaqueadas e escoradas, quando não há possibilidade de amarração da forma deverão estar do dois lados da peça ou seja interno e externa,para formas metalicas deverá ser conferido os prumos e alinhamentos caso seja necessário deverá ser estaiada ou escorada para manter o alinhamento.;
;;;;;Cuidado finais;Verificar a amarração das formas e o travamento estão suficientes para suportar a pressão do concreto. Para formas metalicas verificar se todas as faquetas estão com as cunhas e pino. Verificar se os cantos estão bem travados e se foram colocado os alinhadores e estes estão transpassando na suas emendas, Verificar se os vão das portas e janelas estão nas dimensões corretas.;
;;;;;Manutenção e Armazenamento;Verificar se as formas foram devidamente limpas e lavadas caso necessário, verificar se as placas ou paineis, foram separadas e estocadas em pilhas e por tamanhos, verificar se as peças menores ou acessórios foram armazenadas em caixas ou tambores. Verificar se os jogos de forma foram separados e devidamente identificados.;
8.5.1 /01-01-09;Preparo e Execução de Parede de Concreto;8.6.1/ 01-01-09;Preparo e Execução de Parede de Concreto;Apartamento;Cuidados para o início do serviço;Averiguar o esquadro e locação das paredes. Verificar se a colocação das cantoneiras  ou espaçadores estão devidamente alinhadas determinando a posição das paredes.Verificar se o local está limpo, possibilidanto o início do serviço. Conferir se as armaduras estão devidamente colocadas e com reforços nos cantos, verificar se foram colocados reforços nas vergas e contravergas.;
;;;;;Montagem de formas ;Verificar se os espaçadores foram colocados nas armaduras e se os pontos de hidraulica e eletrica estão nos devidos lugares.Verificar se as formas foram raspadas e seladas com desmoldante, verificar se foram colocado protetor (camisinha) em todas as faquetas, se todas estão travadas com pinos e conhas.;
;;;;;Alinhamento, prumo, tavamento das formas;Verificar o alinhamento das formas, verificar se foram colocado as cantoneiras de alinhamento das formas e se estas estão transpassando em suas emendas, Verificar se foi colocado as escoras e aprumadores, e se as paredes dos oitões estão com tamponamento devido.;
;;;;;Concretagem e adensamento;Verificar se o concreto está sendo bem adensado, principalmente abaixo da verga das janelas, verificar se não está sendo lançado  diretamente sobre as caixas de luz e tubulações.;
;;;;;Concretagem e cuidados finais;Verificar se o respaldo das paredes está na altura das formas, verificar se a laje foi bem sarrafeada, verificar se houve uma limpeza da forma após a concretagem. ;
;;;;;Pos concretagem;Verificar se o concreto foi bem adensado, se não faltou concreto nos peitoris das janelas, verificar se as paredes apresenta bicheiras (brocas), e se há tubulaçoes ou ferragens espostas sem recobrimento.;
;;;;;Pos concretagem, acabamento;Verificar se houve limpeza do local após a desforma, verificar se os buracos de faquetas e presilhas foram deviamente acabados e tampados.Verificar se a equipe de forma não deixou acessórios da forma jogados ou perdidos no local.;
8.5.1 /01-01-10;Execução de Fundações de Blocos e Vigas Baldrames ;8.6.1/ 01-01-10;Execução de Fundações de Blocos e Vigas Baldrames ;Bloco;Cuidados para o início do serviço;Verificar se o local está liberado para iniciar o serviço, e se as etapas  anteriores foram cumpridas com  êxito.;
;;;;;Pontos de apoio/engaste;Verificar se as brocas de apoio e engaste foram devidamente concretadas, verificar se foram  niveladas e estão com os pontos de apoio limpos. Para os blocos verificar se as estacas estão na cota prevista para apoio dos destes sem interferir na cota final do piso acabado.;
;;;;;Formas, alinhamento e travamento;Verificar se as formas foram alinhadas e niveladas, verificar de estão bem amarradas e travadas, se fora untadas co desmoldantes, e não esxiste buracos que possam vazar concreto ou nata deste durante a concretagem. Verificar se foram deixado as passagens de tubulações (caso seja previsto e não afete a estrutura).;
;;;;;Armadura;Verificar se as armaduras estão na posição correta, se as ferragens de arranque dos pilares estão na posição, e se foram deixados os recobrimentos das armaduras previsto em projeto.;
;;;;;Concretagem;Verificar se o concreto utilizado é o previsto em projeto, verificar se a peça esta sendo adensada manualmente ou com vibrador de imersão. Verificar se após a desforma a peça não deformou ou apresentou nichos ( brocas).;
8.5.1 /01-01-12;Execução de Estrutura de Concreto Moldados In- Loco(Pilares, Vigas e Cintas) e Pré-Moldados;8.6.1/ 01-01-12;Execução de Estrutura de Concreto Moldados In- Loco(Pilares, Vigas e Cintas) e Pré-Moldados;Apartamento;Cuidados para o início do serviço;Verificar se o local está limpo, possibilidanto o início do serviço. Conferir se o nivelamento da viga e prumo dos pilares estão aceitáveis. Verificar as dimenções da peça está conforme projeto. Para peças pré-moldadas verificar se as dimensões estão conforme projeto, conferir se as armaduras estão devidamente montadas.;
;;;;;Locação de pilares, travamento e vigas  ;Caso os pilares sejam feitos antes da alvenaria verificar se a locação esta conforme projeto, verificar se foram devidamente escorados e travados, verificar se o pilar está aprumado e com as cotas de concretagem definidas. Para as vigas verificar se foram devidamente escoradas e travadas, e se estão alinhadas e niveladas.;
;;;;;Alvenaria respaldada e cinta de travamento;Caso as alvenarias sejam executadas antes da estrutura, verificar se foram deixados os espaçamentos entre as armaduras dos pilares, verificar se as alvenarias foram devidamente niveladas para apoiar as vigas.;
;;;;;Cinta de amarração, vergas e contravergas;Verificar  o alinhamento, prumo e nível da alvenaria em seu respaldo (tolerância máxima de 10mm). Observar se a canaleta ou viga de respaldo foi armada corretamente e concretada toda de uma única vez. Caso as vergas e contra vergas sejam concretadas in loco, verificar se estão na espessura da alvenaria, e com os apoios maior que 30cm para cada lado. Para vergas e contra-vergas pré-moldadas verificar se as dimensões estão corretas, verificar se a peça esta sendo confeccionada em local adequado, para permanecer inerte pelo periodo necessário.;
;;;;;Concretagem e Considerações finais;Verificar se o concreto está com as especificações prevista em projeto. Verificar se foram realizados os devidos ensaios, verificar se a peça concretada ficou com qualidade, se  não apresentou deformações e nichos de concretagem, verificar se foi realizado a cura após a concretagem durante pelos menos 3 dias.;
;;;;;Concretagem e Considerações finais;Para peças pré-moldadas verificar a peça não apresentou deformações, trincas ou  partes quebradas, verificar nas peças maiores se foram deixados os ganchos para içamento ( se for o caso), para peças danificadas verificar se houve liberação para uso.;
8.5.1 /01-01-13;Preparo e Execução de Laje (Pré- Moldada ou Moldada in Loco);8.6.1/ 01-01-13;Preparo e Execução de Laje (Pré- Moldada ou Moldada in Loco);Apartamento;Cuidados para o início do serviço;Verificar se a alvenaria está respaldada, se as canaletas estão concretadas e se o nível, prumo e alinhamento das paredes estão atendendo aos requisitos especificados no P.O. de Alvenaria.Caso a laje seja concretada junto com as vigas de respaldo deverá ser verificado o nivel e travamento das formas.;
;;;;;Conferência de todos os materiais a serem utilizados;Para lajes premodadas conferir os trilhos e todos os materiais a serem empregados: lajota ou EPs, tela Q-92, treliça, vergalhões, forma metálica, forma de madeira, etc.  Para laje maciça verificar se a forma está bem vedada, com as possiveis tubulações montadas e taliscas determinando o nivel da capa.;
;;;;;Montagem da laje;Checar se os trilhos/nervuras estão no sentido correto, em caso de laje nervurada se a armação está correta, se as lajotas/tijolos estão colocados da forma certa, se o escoramento é suficiente, se está bem montado e quando necessário/especificado se foi dada a contra-flecha. Averiguar se o fechamento lateral foi feito e se está com a altura da laje acabada (servindo de talisca).;
;;;;;Armadura e tubulações;Verificar se a armadura negativa está de acordo com o especificado em projeto, a tubulação de água está nas posições, a tubulação de ventilação do esgoto já foi lançada e se os conduítes já foram passados de acordo com as especificações.;
;;;;;Lajes no sistema PAREDE DE CONCRETO;Verificar se as escoras estão fixadas nos devidos locais, Verificar se o alinhamento das formas de borda estão alinhadas, Verificar antes da concretagem se todas as armaduras e tubulações estão colocadas nos devidos lugares. Verificar se foi colocado os dispositivos de segurança para início da concretagem;
;;;;;Concretagem e considerações finais;Conferir o slump ou espalhamento e retirar os corpos de prova. Checar se o capeamento está seguindo as taliscas, se está sendo bem sarrafeado e se está bem acabado. Verificar se a ferragem negativa não está exposta. Para concretagens de lajes junto com as vigas de respaldo devera ser verificado se o concreto esta sendo adensado com vibrador de imersão.  Verificar se as escoras da laje foram mantidas intactas até o periodo de cura, averiguar se está sendo feita a cura do concreto com água ou  aditivos químicos.;
8.5.1 /01-01-14;Preparo e Execução de Estrutura de Cobertura (Madeiramento ou Metálica);8.6.1/ 01-01-14;Preparo e Execução de Estrutura de Cobertura (Madeiramento ou Metálica);Bloco;Cuidados para o início do serviço;Verificar se as paredes estão de acordo com o projeto. Conferir os perfis: bitola, comprimento, dimensão, alinhamento, se não apresentam inicio de  corrosão, e   estão nas condições apropriadas para uso. ;
;;;;;Montagem da estrutura;Checar se as terças e os pontaletes estão nos locais corretos, se os pontaletes estão apoiados em paredes e fixados nas extremidades, se as mão-francesas estão fixadas na posição correta. Verificar o alinhamento das vigas, terças e ripas metálicas, e verificar se o espaçamento das ripas estão conforme projeto.;
;;;;;Estrutura metalica;Para estruturas de barracões verificar se foi travada com diagonais e contraventada com tirantes na horizontal, verificar os pontos de junção estão devidamente soldados ou pinados. Verificar se a estrutura foi protegida com pintura anticorrosiva. ;
;;;;;Alinhamento e espaçamento  dos beirais;Verificar se o tamanho dos beirais estão conforme projeto, se  estão alinhados e no mesmo nível, verificar o acabamento das pontas das terças estão devidamente tampadas. Se as cantoneiras estão bem fixadas e alinhadas e não apresentam torção.;
;;;;;Condições Finais devem ser observadas depois do entelhamento concluido;Verificar se as teças e vigas não apresentam qualquer tipo de fletagem ou torção, e se todas junções estão devidamente fixadas seja por parafusos ou solda. Verificar a limpeza final do ambiente de trabalho e se foram descartados corretamente as sobras de material. ;
8.5.1 /01-01-15;Execução de Cobertura com Telhas (Cerâmica ou Galvanizada ou Cimento amianto ou PVC);8.6.1/ 01-01-15;Execução de Cobertura com Telhas (Cerâmica ou Galvanizada ou Cimento amianto ou PVC);Bloco;Cuidados para início do serviço;Conferir a qualidade visual da telha e se as telhas já foram aprovadas nos ensaios de resistência e absorção (caso ceramica) se não apresentam trincas ou deformações.;
;;;;;Entelhamento;Verificar as dimensões dos beirais, se estão alinhados e se estão conforme projeto, verificar se foi deixado entre 10 e 15  centimetros de pingadeira nas telhas. ;
;;;;;Acabamento do telhado;Verificar se as telhas estão bem encaixadas e parafusadas, verificar se foram colocadas as buchas de vedação e acabamentos dos parafusos, verificar se há furos no telhado passiveis de entrada de agua, os quais deverão ser calafetados.;
;;;;;Acabamento lateral;Para telhas cerâmicas verificar se a capa lateral foi devidamente chumbada com argamassa de areia e cimento, arrematada e filtrada. Conferir se o acabamento lateral está alinhado e se as peças que o compõe estão em tangente, conferir se as capas estão parafusadas e bem fixadas.;
;;;;;Cumeeira e considerações finais;Para telhas cerâmicas, conferir o alinhameto das cumeeiras se e qualidade da argamassa de emboçamento esta conforme previsto, se não ficou frescas ou pontos de infiltração. Para telha em pvc verificar se as cumeeiras estão parafusadas e bem encaichadas. Verificar se foi recolhido todos os restos e entulhos provindos da execução do serviço.;
8.5.1 /01-01-16;Execução de esgoto sanitário tubulações e caixas;8.6.1/ 01-01-16;Execução de esgoto sanitário tubulações e caixas;Apartamento;Condições para início do serviço;Verificar se as caixas de gordura, sifonada, de passagem e tubulações estão conforme projeto, e se as inclinações são suficientes para o escoamento dos esgotos. ;
;;;;;Esgoto horizontal em radiers;Verificar se as tubulação e caixas foram colocadas nas posições corretas e com os desníveis necessários antes da concretagem da base. Verificar a posição do ponto de esgoto do vaso sanitário está distanciado o suficiente da parede, conforme projeto e se os pontos de caixas e ralos estão nos locais previstos.;
;;;;;Tubulação vertical em alvenaria convecional;Verificar se os cortes nas paredes foram executados nos locais corretos (evitando transpor vigas e pilares), verificar  se as emendas  das tubulações foram lixadas, limpas e estão bem coladas e no sentido correto. Verificar se as tubulações de esgoto estão aprumadas e numa das faces das paredes garantindo o embutimento destas, verificar se as alturas dos pontos de esgoto estão conforme projeto e se as conexões estão perpendiculares a parede.;
;;;;;Tubulação vertical em paredes de concreto;Verificar se as emendas  das tubulações foram lixadas, limpas e estão bem coladas e no sentido correto. Verificar se as tubulações de esgoto estão aprumadas e no eixo das paredes , Verificar se as alturas dos pontos de esgoto estão conforme projeto, se foram devidamente isolados (tamponados), verificar se estão fixos nas armaduras e com espaçadores que garantam o recobrimento.;
;;;;;Ligação externa;Caso as caixas de passagem sejam em alvenaria, verificar se estão nas dimensões especificadas em projeto, verificar se as tubulações de entrada está acima do nível da de saída, verificar se a caixa foi revestida, impermeabilizada, se está com os desníveis necessários ao escoamento das águas servidas e se está com a tampa no nível do piso acabado.;
;;;;;Ligação externa;Caso as caixas de passagem sejam em PVC, verificar se estão nas dimensões especificadas em projeto, verificar se as tubulações e conexões estão bem conectadas e coladas, se foi respeitado o desnível previsto, verificar se a caixa foi bem apoida e está com a tampa na altura do piso acabado.;
;;;;;Ligação externa;Caso o esgoto seja ligado em fossa séptica, observar o P. O. referênte ao serviço. Caso a ligação seja ligada direta na rede pública e exista o Poço Luminar, verificar se a execução está conforme projeto específico.;
8.5.1 /01-01-17;Instalações hidraulicas (tubulações e caixa d'água);8.6.1/ 01-01-17;Instalações hidraulicas (tubulações e caixa d'água);Bloco;Condições para início do serviço;Verificar no projeto  as posições dos pontos de água, esgoto e da caixa d'agua, verificar o diâmentro dos tubos e os caminhos da tubulação por onde passara a tubulação, verificar se as etapas anteriores a este serviço já estão concluídas. ;
;;;;;Alvenaria convencional, prumada da tubulação;Para alvernaria convencional, verificar se os cortes de paredes estão aprumados e alinhados, se são suficientes para caber a tubulação, verificar se as conexões foram bem coladas e os pontos de água estão perpendiculares a parede, verificar se os pontos de água coicidem com o alinhamento dos de esgoto (conforme projeto).;
;;;;;Parede de concreto;Verificar se os quites foram montados com exatidão, se estão nas dimensões e diâmetros corretos, verificar se a colocação dos kites esta na posição conforme projeto, se os tubos estão devidamente presos a armadura e com os espaçadores necessário para garantir o recobrimento do concreto,  verificar se as conexões estão bem protegidas para evetar entupimento das tubulações durante a concretagem.;
;;;;;Posição da caixa d'água;Verificar se a caixa d'água está totalmente apoiada na laje, com os devidos registros de abastecimento e limpeza na posição correta, e todas  as tubulações de entrada, abastecimento e estravasor estão na posição prevista em projeto, Verificar se foi colocada a boia na tubulação de entrada e se está devidamente fixada. Verificar se a tubulação que ficou aérea esta presa a estutura do telhado, e para tubulaões acima de laje verificar se estas estão bem apoiadas em calços ou alvenarias, Verificar se a caixa está tampada.;
;;;;;Teste da tubulação e chumbamento ;Verificar se foi colocado água na caixa, testado a tubulação e se todos os pontos de água estão tampados com plug. Verificar se não houve vazamentos na tubulação e conexões. Para alvenaria convencional verificar se a tubulação foi chumbada com argamassa (areia:cimento:água)  e os pontos de água e registros não ficaram enterrados. Verificar se foi executado limpeza do local  e destinação correta dos restos construtivos.;
8.5.1 /01-01-17;Instalações hidraulicas (tubulações e caixa d'água);8.6.1/ 01-01-17;Instalações hidraulicas (tubulações e caixa d'água);Apartamento;Condições para início do serviço;Verificar no projeto  as posições dos pontos de água, esgoto e da caixa d'agua, verificar o diâmentro dos tubos e os caminhos da tubulação por onde passara a tubulação, verificar se as etapas anteriores a este serviço já estão concluídas. ;
;;;;;Alvenaria convencional, prumada da tubulação;Para alvernaria convencional, verificar se os cortes de paredes estão aprumados e alinhados, se são suficientes para caber a tubulação, verificar se as conexões foram bem coladas e os pontos de água estão perpendiculares a parede, verificar se os pontos de água coicidem com o alinhamento dos de esgoto (conforme projeto).;
;;;;;Parede de concreto;Verificar se os quites foram montados com exatidão, se estão nas dimensões e diâmetros corretos, verificar se a colocação dos kites esta na posição conforme projeto, se os tubos estão devidamente presos a armadura e com os espaçadores necessário para garantir o recobrimento do concreto,  verificar se as conexões estão bem protegidas para evetar entupimento das tubulações durante a concretagem.;
;;;;;Posição da caixa d'água;Verificar se a caixa d'água está totalmente apoiada na laje, com os devidos registros de abastecimento e limpeza na posição correta, e todas  as tubulações de entrada, abastecimento e estravasor estão na posição prevista em projeto, Verificar se foi colocada a boia na tubulação de entrada e se está devidamente fixada. Verificar se a tubulação que ficou aérea esta presa a estutura do telhado, e para tubulaões acima de laje verificar se estas estão bem apoiadas em calços ou alvenarias, Verificar se a caixa está tampada.;
;;;;;Teste da tubulação e chumbamento ;Verificar se foi colocado água na caixa, testado a tubulação e se todos os pontos de água estão tampados com plug. Verificar se não houve vazamentos na tubulação e conexões. Para alvenaria convencional verificar se a tubulação foi chumbada com argamassa (areia:cimento:água)  e os pontos de água e registros não ficaram enterrados. Verificar se foi executado limpeza do local  e destinação correta dos restos construtivos.;
8.5.1 /01-01-18;Execução de Instalações Elétricas (Tubulações e Caixas);8.6.1/ 01-01-18;Execução de Instalações Elétricas (Tubulações e Caixas);Apartamento;Verificações iniciais;Verificar se executor  tem conhecimento do projeto e se foi treinado para   executar este serviço, verificar se o material utilizado (tubulações e caixas) estão conforme especificações de projeto. Para tubulações no piso verificar se há alguma interferencia no local impossibilitando a passagem da tubulação, ou posteriormente passará alguma rede que pode danificar a tubulação instalada.;
;;;;;Cortes em paredes e posições das caixas ;Para alvenaria convencional, verificar se os cortes nas paredes são suficientes para caber os conduites, e se não estão fazendo curvas desnecessárias, Verificar se as posições (alinhamentos e alturas) das caixas estão de acordo com o projeto. Verificar se os conduites e caixas foram chumbados com argamassa (cimento : areia) e as caixas estão no prumo e nivel corretos. Verificar se as tubulções enterradas no piso estão chegando nas devidas caixas ou prumadas conforme projeto.;
;;;;;Parede de concreto;Verificar se as caixas e quadro estão na posição correta, e devidamente fixadas nas armaduras e estão com os espaçadores suficientes, verificar se as tubulações foram bem amarradas e não apresenta curvas desnecessárias. Verificar se as sobra de conduites  na parte superior estão em torno de 30cm. ;
;;;;;Tubulação horizontal;Para tubulação horizontal da laje ou suspença para forro, verificar se os caminhos dos conduites coicidem com os do circuito, verificar se as caixas estão bem fixadas e protegidas, verificar se os conduites não apresentão curvas desnecessárias, verificar se as emendas foram executadas e estão bem fixadas, verificar se todos os pontos eletricos de paredes estão conectados as caixas de passagem do teto. Nas tubulações passadas sob o piso, verificar se foram reaterradas conforme especificações de projeto.;
;;;;;Verificação final, após chumbamento ou concretagem.;Após chumbamento ou  concretagem de paredes, verificar se os conduites estão desubstruidos, verificar se as caixas estão aprumadas e niverladas, e se não ficaram fundas e entupidas, verificar se foi executada limpeza e destinação correta dos restos costrutivos. Para tubulações sob o piso, verificar se houve o capeamento com concreto (caso necessário), e a vala foi devidamente completado com solo local, e compactada ate atingir o nível especificado.;
8.5.1 /01-01-19;Assentamento de Batentes de Madeira ou Metálico;8.6.1/ 01-01-19;Assentamento de Batentes de Madeira ou Metálico;Apartamento;Cuidados para início do serviço;Conferir se o portal/batente está no esquadro, bem travado, se está com requadro e dimensões especificados. Averiguar se a madeira é a especificada e se está própria para uso (não está empenada, com rachaduras, amassados, com cupins, etc).;
;;;;;Nível e taliscas;Verificar se o nível foi tirado em todos os comodos para determinar a altura de todos os portais e também do piso acabado, Para batentes chumbados em alvenaria convencional, verificar se foram colocado as taliscas determinando a espessura do revestimento (massa paulista ou cerâmico). As taliscas devem estar a vinte centímetros do chão e vinte centímetros abaixo da soleira do portal.;
;;;;;Chumbadores                                  (grapas);Averiguar se os parafusos que funcionam como chumbadores foram colocados e estão bem fixados na peça, no caso de grapas verificar se elas foram abertas. Verificar se a peça foi bem chumbada com argamassa (cimento:areia), se não apresenta vazios a area de chumbamento, verificar se foi aberto um dente nas lateral dos vãos para encaixe dos chumbadores do portal.;
;;;;;Chumbamento;Verificar se a argamassa utilizada no chumbamento foi a especificada (cimento:areia), verificar se foi colocado madeira de um dos lados para o enchimento das laterais, e o encunhamento foi realizado preenchendo todos os vazios. ;
;;;;;Considerações finais;Conferir se o portal foi assentado nivelado, aprumado e se todos os portais estão com a mesma altura, verificar se o portal não sofreu nenhuma deformação durante o chumbamento, verificar se foi executada uma limpeza na peça e no local  ao término do serviço.;
8.5.1 /01-01-20;Assentamento de Esquadrias Metálicas;8.6.1/ 01-01-20;Assentamento de Esquadrias Metálicas;Apartamento;Cuidados para início do serviço;Conferir se  a alvenaria está totalmente acabada e com telhado executado, conferir se os vão estão conforme projeto, e toda a tubulação de água e energia já foi concluida (para esquadrias próxima a tubulações que dependem de corte em paredes), para esquadrias fixadas no parafuso o piso deverá estar executado antes das portas.;
;;;;;Nível e alinhamento;Verificar se o nível foi tirado em todos os cômodos  para determinar a altura do piso acabado, determinando assim o nível de saida das portas e janelas. As peças devem apresentar o mesmo nível e alinhamento quando na mesma parede, as portas externas adimite-se um desnivel das internas em até 0,5 % em relação a distancia. Verificar se foram colocados taliscas de refência para o nivel e prumo das esquadrias, averiguar se as  grapas foram abertas, e aberto um ponto na alvenaria (convensional) para chumbamento das mesmas.  ;
;;;;;Paredes de concreto;Verificar se os vãos cabem livremente as esquadrias, verificar se foram colocados os peitoris nas janelas, verificar se as esquadrias foram devidamente calafetadas e fixadas, verificar se o requadro esta com as mesmas dimensões em todo o perímetro do vão. Verificar se todos os pontos de fixação foi colocado os parafusos.;
;;;;;Portões ;Verificar se o trilho foi chumbado no nível, e distanciado o suficiente da parede, verificar se o batente foi  devidamente chumbado através de solda parafusos ou argamassa, verificar se o trilho superior foi bem fixado seja atraves de parafusos solda ou chumbameto com argamassa. Para portões de abrir verificar se estão no nivel, e ao abrir não ficam agarrando no piso.;
;;;;;Considerações finais;Conferir se as janelas foram assentadas niveladas, aprumadas se estão abrindo livremente, verificar se as portas estão abrindo e trancando livremente sem agarrar no portal, verificar se os portões estão abrindo livremente, verificar se ao término dos serviços foi feito uma limpeza nas peças e no local. ;
8.5.1 /01-01-21;Preparo e Execução de Contra Piso ou Regularização;8.6.1/ 01-01-21;Preparo e Execução de Contra Piso ou Regularização;Apartamento;Limpeza;Verificar se a limpeza foi executada, se foi removido todos os residuos,  retirado restos de concretos e argamassas nos cantos de parede e foi varrido retirando todos os pós, caso necessário deve ser lavado com água. ;
;;;;;Nivelamento;Verificar se as taliscas estão posicionadas corretamente, devendo indicar o nível final do piso, nas áreas molhadas verificar se foi deixado  os desníveis necessários para escoamento da água e estão direcionados para os ralos.;
;;;;;Traço e resistencia do concreto ou argamassa;Verificar  o traço do concreto ou argamassa, se está conforme orientação do engenheiro, para os traços feitos em betoneira verificar a composição deste está na proporção correta.;
;;;;;Aplicação do concreto ou argamassa;Verificar a espessura da camada, se foi executado as linhas mestras para indicar o nivel correto a ser seguido, em caso de regularizações com argamassa que a espessura esteja acima de 4cm verificar se foi lançado primeiro um concreto para fazer o desengrosso.   ;
;;;;;Acabamento, desempeno e cura do piso executado ;Verificar se  piso está bem sarrafeado, se os cantos e pés de parede não está com acumulo de massas ou concreto, podendo ainda o contrapiso ser desempenado ou apenas sarrafeado. Verificar se houve a cura do piso pelo menos duas vezes ao dia durante três dias. Verificar se foi feito uma limpeza do local e dado a destinação correta aos restos.;
8.5.1 /01-01-24;Execução de Revestimento Cerâmico em Paredes;8.6.1/ 01-01-24;Execução de Revestimento Cerâmico em Paredes;Apartamento;Condições para início do serviço;Verificar se todo o reboco foi concluido e se o prumo do emboço está conforme (para sistemas convencionais), para paredes de concreto verificar se a superficie foi limpa, lixada e jogado uma água retirando a poeira, verificar se todas as esquadrias estão assentadas (caso seja executado antes do revestimento), se todos os pontos elétricos e hidrossanitários estão corretos, verificar se os pontos hidráulicos foram testados antes da execução do revestimento. ;Antes da Execução
;;;;;Nível, galga e paginação;Verificar se foi colocado pontos de nível para  conferencia dos tetos ou para inicio do assentamento, verificar se a paginação do revestimento está conforme  projeto ou determinação da engenharia.;Durante a Execução
;;;;;Espessura  da argamassa e sentidos das placas;Verificar se está sendo aplicada argamassa colante o suficiente para fixação das placas cerâmicas, para placas cerâmicas com area acima de 900cm² deverá ser aplicada argamassa no tardoz da peça e nas paredes, verificar se o sentido das placas estão padronizados, caso haja desenhos a serem seguidos.;Durante a Execução
;;;;;Juntas e acabamento de respaldo;Verificar se as juntas estão padronizadas com a mesma espessura, para revestimento a meia altura verificar se as peças estão niveladas e foi acabado com argamassa levemente inclinada na parte superior.;Após a execução
;;;;;Considerações finais;Verificar se a planicidade final da parede revestida está aceitavel, tolerância de no máximo de 5 mm, verificar se as juntas e as peças foram limpas, e se os restos construtivos foram devidamente retirados do local.;Após a execução
;;;;;Rejunte;Verificar se o rejunte foi executado por completo, e se não foi deixado falhas ou buracos nas juntas, verificar se o rejunte não está fundo ou em excesso, verificar se as peças estão limpas e o rejunte não ficou arranhado, verificar se foi realizado uma limpeza ao final da execução do serviço.;Após a execução
8.5.1 /01-01-25;Execução de Revestimento Piso Cerâmico Interno e Externo;8.6.1/ 01-01-25;Execução de Revestimento Piso Cerâmico Interno e Externo;Apartamento;Condições para início do serviço;Para sistema de alvenaria convencional, verificar se todo o reboco foi concluido, e todas as esquadrias estão assentadas. Para os sistemas (Convencional e Parede de Concreto) verificar se foi executado o contra-piso ou regularização a pelo meno 7 dias, verificar se o nível está correto, se foi deixado uma folga debaixo das portas suficiente para passar o piso cerâmico. Verificar se a argamassa colante e o revestimento cerâmico são os especificados para o serviço.;Antes do inicio do serviço
;;;;;Nível e limpeza do local;Verificar se foi jogado pontos de nivel nos cômodos para conferencia do piso e se não apresenta nenhum ponto de nivel contrário (ex: caimentos sempre para as portas externas e ralos), verificar se foi lavado e retirado todas as poeiras e residuos da área a revestir.;Durante a execução
;;;;;Esquadro de referência para iniciar o serviço;Verificar se a parede de referência para saida do revestimento está correta, (sair com peças inteiras ou maior possível nas portas), se foi conferido o esquadro de todos os cômodos, e os recortes estão sendo jogado para os cantos dos cômodos.;Durante a execução
;;;;;Espessura  da argamassa e sentidos das placas;Verificar se está sendo aplicada argamassa colante o suficiente para fixação das placas cerâmicas, (solicitar ao executor p/ retirar uma peça aleatoriamete para verificação)  e se o sentido das placas estão padronizados, caso haja desenhos a serem seguidos.  As peças com tamanhos superiores a 900 cm² deverão receber argamassa no tardoz das placas e no contra piso, devendo os cordões da placa e do contra piso ficar em sentido contrário, durante o assentamento.;Durante a execução
;;;;;Degraus, desníveis,  alinhamento e juntas ;Verificar se os degraus foram deixados nos locais corretos (portas externas e Banheiro), verificar  o alinhamento e espessura das juntas  está padronizada, e se as placas cerâmicas não estão apresentando desníveis     ( dentes) entre elas.;Após execução        
;;;;;Piso de área molhada;Verificar se os ralos estão com o porta grelha e ficou com uma junta padronizada de acabamento ao redor, Verificar se os piso ficou com caimento para os ralos (Deverá ser jogado  aprox. dois litros de água e verificar se o escoamento está na direção do ralo);Após execução        
;;;;;Aderência do revestimento;Verificar se o piso não ficou choco,(deverá ser verificado com uma madeira a fixação dos pisos e ausência de chocos). Apos 3 dias no mínimo.;Após execução        
;;;;;Rodapés e soleiras;Verificar a espessura do rodapé esta padronizada, verificar se as soleiras foram assentadas na mesma altura do piso e com as juntas padronizadas, verificar se foi removido toda sujeira, poeira e limpado as juntas para início do rejuntamento;Após execução        
;;;;;Rejunte;Verificar se o rejunte está executado por completo, se não ficou buracos nas juntas ou excesso de rejunte sobre o revestimento, verificar se foi rejuntado os rodapés, e se foi executado uma limpeza ao termino do serviço.;Após execução        
8.5.1 /01-01-26;Execução de Instalações Elétricas, Lógica (Fiações, Disjuntores, Luminárias, Tomadas e Interruptores);8.6.1/ 01-01-26;Execução de Instalações Elétricas, Lógica (Fiações, Disjuntores, Luminárias, Tomadas e Interruptores);Apartamento;Verificações iniciais;Verificar se o executor tem conhecimento do projeto, se o mesmo foi treinado e está capacitado para a execução do serviço. Verificar se o material utilizado está conforme projeto, e não apresenta nenhuma avalia nos cabos e dispositivos, Verificar se todos os eletrodutos estão desubstruidos.;
;;;;;Eletrodutos e cabos;Verificar se o diâmetro dos eletrodutos atende a quantidade de fios a ser passado, verificar se não está havendo desperdicio, sobra desnecessária de cabos nas caixas de tomadas e pontos de luz. Verificar se os cabos estão nos diâmentros conforme projeto.;
;;;;;Fixação da fiação;Verificar se os cabos estão presos em roldanas fixadas na estrutura do telhado, Caso seja tubulada verificar se todos os cabos foram passados dentro dos conduítes, verificar se nenhum cabo encontra-se em contato com a estrutura do telhado (madeira ou metálica), e os cabos estão bem esticados.;
;;;;;Isolamento e conexão dos fios;Verificar se as emendas dos cabos estão bem isolada, com fitas isolantes, e para local com uso de conectores verificar se os memos estão presos e conectados.;
;;;;;Disjuntores e dispositivos de proteção;Verificar se todos os disjuntores estão com a amperagem e especificações corretas, se estão devidamente fixados ao quadro, e se todos os cabos estão bem conectados nos pontos de entrada e saida. Verificar se o dispositivo de proteção (DR) está no circuito correto, e conectado da forma correta.;
;;;;;Centro de distribuição ;Verificar as ligações do padrão de entrada ao quadro de distribuição esta devidamente presa, conectada e isolada, e os circuitos estão distribuidos conforme   projeto, verificar se os cabos estão com as cores padronizadas  e com as bitolas corretas.(Fase=Preto ou vermelho), (Neutro=Azul), (Terra=Verde), (retorno=amarelo,cinza ou branco);
;;;;;Tomadas, interruptores e iluminação;Verificar se todos pontos de tomadas e interruptores foram montados e estão na posição correta, verificar se todas as tomadas estão aterradas (conectado o fio verde), verificar se os pontos de iluminação interna estão no centro do cômodo e devidamente fixados e os externos no local estipulado em projeto, verificar se a cigarra de campainha foi instalada (se for o caso).  ;
;;;;;Funcionamento das instalações;Verificar se foi energizada a rede, e todos os pontos estão devidamente funcionando, verificar se os disjuntores correspondem aos circuitos existentes (Desligar um a um e testar os pontos elétricos), verificar se os  espelhos das caixas estão no prumo e bem fixados, Verificar se durante a execução do serviço não foi danificado o forro, a pintura, as esquadrias, ou qualquer outro serviço já concluido, verificar se foi executado uma limpeza do local e destinação correta dos restos construtivos.;
8.5.1 /01-01-28;Execução de Instalações Hidrossanitárias (bancadas, louças e metais );8.6.1/ 01-01-28;Execução de Instalações Hidrossanitárias (bancadas, louças e metais );Apartamento;Condições para início do serviço;Verificar se o revestimento cerâmico do piso e parede estão concluídos, se a casa já está com forro, se a hidraulica e SAS (se for o caso) esta testada e funcionando.;
;;;;;Assentamento de bacias sanitárias e lavatório ;Conferir as dimensões e formato da bacia sanitária. Verificar se o centro do tubo de ponta azul e o centro do tubo de esgoto estão alinhados. Verificar se estão sendo colocados corretamente o tubo de ligação e o spud. Verificar se os furos estão aprumados e se as buchas foram colocadas. Checar se o anel de vedação está sendo colocado de forma correta e se foi colocado um filete de argamassa no entorno do vaso para acentamento deste. Observar se o vaso está devidamente fixado com parafusos, e checar se a peça está nivelada. Verificar se o lavatório está na altura correta ( de 80 a 90 cm) verifiacar se foram colocados os parafusos de fixação e suporte de apoio (se for o caso).;
;;;;;Assentamento de bancadas ;Conferir as dimensões e formato das bancadas estão conforme projeto ou especificações, verificar se as grapas ou cantoneiras foram chumbadas ou fixadas por parafusos conforme método adotado,  Verificar se a bancada ficou bem apoiada nos suportes, verificar se o nível,  esquadro e localização do centro da cuba está correto, verificar se foi rejuntado os pontos de contato entre bancada e revestimento. Verificar se a altura da bancada está conforme projeto.;
;;;;;Metais sanitários;Verificar se os seguintes serviços foram executados de maneira corrreta:  Colocação de válvulas e sifões de: pias, lavatórios e tanque,  Verificar o prumo e alinhamento e estanquidade das torneiras, verificar se foi colocado os acabamentos dos registros e acabamento das válvulas de descargas. Verificar se foi colocado as grelhas  das caixas sifonadas.;
;;;;;Tanque;Verificar se o tanque está devidamente fixado com parafusos, verificar se foi colocado suporte inferior para apoio do tanque (se for o caso), verificar se foi rejuntado a parte de encontro com o revestimento, verificar se foi respeitada a altura prevista em projeto ou especificações tecnicas. ;
;;;;;Considerações finais; Fazer teste hidráulico nas torneiras de pias, lavatórios e tanques, Fazer teste de descarga nas bacias sanitárias. Verificar se foram retirados todos os materiais restantes do local, se o local está limpo e desimpedido.;
8.5.1 /01-01-29;Emassamento;8.6.1/ 01-01-29;Emassamento;Apartamento;Cuidados para o início do serviço;Verificar se as pardes estão bem curadas e não apresentam nehuma umidade ascendente. Conferir a limpeza das paredes, remoção de caroços, remoção de restos de argamassa e sujeiras em geral. Verificar se as paredes estão lixadas prontas para receber a massa corrida.;
;;;;;Proteção do piso;Verificar se foi colocado uma proteção no  piso, seja  lona, papelão ou outro tipo de proteção, após termino dos serviço verificar de não há pisos quebrados ou riscados,  devido a queda de ferramentas ou manuseio de escadas e andaimes.;
;;;;;Aplicação da massa corrida ;Verificar se a massa corrida está sendo aplicada com uma desempenadeira de aço, no mesmo sentido e com a mesma espessura, sem rastos de desempenadeira. Verificar se para a segunda demão foi respeitado o tempo de secagem da primeira demão. Conferir se a massa corrida foi devidamente lixada e se os requadros de vãos, janelas e portas estão bem acabados, se não sobrou excesso de massa nas esquadrias.;
;;;;;Massa niveladora;Verificar se a massa foi devidamente misturada coforme recomendações do fabricante, se não apresenta caroços na mistura, verificar se a aplicação está sendo executada com desempenadeira de aço, obedecendo o mesmo sentido de aplicação e mesma espessura de camada, conferir se não foram deixados rastos de desempenadeira, caroços e respingos de massa, verificar se foram executado os recortes nos vãos e rodapés.;
;;;;;Verificação final;Para massa corrida pva, verificar se foi devidamente lixada,poderá ser utilizada iluminação com uma lâmpada para verificar os possíveis defeitos na massa e, caso haja necessidade, exigir que seja feita uma nova demão. Para massa niveladora, verificar se as diferenças da emendas de formas foram corrigidas com a camada de massa, Verificar se foi feito limpeza no local  retirando o pó caroços e respingos deixados no piso, e destinação correta dos residuos ( vasilhames e sacos e restos).;
8.5.1 /01-01-30;Execução de Pintura Interna;8.6.1/ 01-01-30;Execução de Pintura Interna;Apartamento;CONDIÇÕES PARA O INÍCIO DA EXECUÇÃO DO SERVIÇO;Conferir se  a alvenaria está totalmente acabada e com telhado executado, todo o revestimento executado, Verificar se a rede hidráulica e eletrica estão concluidas e se as paredes foram lixadas e amaciadas se for o caso.Verificar se as esquadrias foram assentadas e calafetadas.;
;;;;;PREPARAÇÃO DA BASE;Verificar se foi protegido os detalhes que não devem ser pintados. Verificar se foi feito a remoção de sujeiras, partes soltas ou mal aderidas, bolor, graxas, etc. Verificar se houve a correção de imperfeições profundas com o mesmo material do revestimento. As correção de imperfeições menores devem ser executadas com massa acrílica e assegurar o tempo de cura de cerca de 4 horas. Garantir o lixamento da base com lixa Nº 80 e a remoção do pó resultante. Providenciar a proteção do revestimento de piso com lona plástica ou papelão.;
;;;;;Selador e tinta PVA;Verificar se a camada do selador está uniforme e cobriu toda a superficie a ser pintada, verificar se não ficou escorridos e respingos nas esquadrias e revestimentos. Verificar se a tinta foi devidamente diluida conforme informações do fabricante, verificar se a demão aplicada cobriu por completo o local pintado, verificar  se o intervalo entre demãos foi respeitado (pelo menos 4 horas). Analisar a homogeneidade da tinta.                         Verificar se os arremates foram executados antes da última demão.;
;;;;;Textura rolada ou grafiatos;Verificar se foi passado a massa de nivelamento e calafete na parede, Verificar se a textura foi devidamente misturada e diluida conforme informações do fabricante, Verificar se a camada aplicada ficou uniforme e se foi realizado os recortes e requadros com o acabamento texturizado, verificar se o desenho da pintura ficou uniforme e com mesmo desenho.;
;;;;;ACABAMENTO E LIMPEZA;Verificar visualmente, se a pintura apresenta-se uniforme, sem falhas (mostrando a camada inferior), imperfeições ou escorrimentos. Verificar se foi executado todos os recortes (rodapé,  janelas, forro/teto e encontros com revestimentos cerâmicos).  Verificar se foi feito a limpeza, retirado o material e recipientes utilizados na execução da pintura, como fitas crepe,  papeis e lonas, e destinação correta dos restos.Deixar o local livre e desempedido.;
8.5.1 /01-01-31;Execução de Pintura Externa;8.6.1/ 01-01-31;Execução de Pintura Externa;Bloco;CONDIÇÕES PARA O INÍCIO DA EXECUÇÃO DO SERVIÇO;Conferir se  a alvenaria está totalmente acabada e com telhado executado, todo o revestimento executado, Verificar se a rede hidráulica e eletrica estão concluidas, verificar se foi executado o barrado de impermeabilização a uma altura de aprox. 60 centimentros, e se as paredes foram lixadas  se for o caso.Verificar se as esquadrias foram assentadas e calafetadas.Para parede de concreto verificar se todos os buracos e brocas foram devidamente tampadas e acabadas.;
;;;;;PREPARAÇÃO DA BASE;Verificar se foi protegido os detalhes que não devem ser pintados. verificar se foi feito a remoção de sujeiras, partes soltas ou mal aderidas, bolor, graxas, etc.Averiguar se a correção de imperfeições profundas foi executada com o mesmo material do revestimento e as imperfeições menores com massa acrílica e assegurar o tempo de cura de cerca de 4 horas. Garantir o lixamento da base com lixa Nº 80 e a remoção do pó resultante. Providenciar a proteção do revestimento de piso com lona plástica ou papelão.;
;;;;;Selador e tinta PVA;Verificar se a camada do selador está uniforme e cobriu toda a superficie a ser pintada, verificar se não ficou escorridos e respingos nas esquadrias e revestimentos.Verificar se a tinta foi devidamente diluida conforme informações do fabricante, verificar se a demão aplicada cobriu por completo o local pintado, verificar  se o intervalo entre demãos foi respeitado (pelo menos 4 horas). Verificar se a pintura ficou  homogenea.                         Verificar se os arremates foram executados antes da última demão.;
;;;;;Textura rolada e grafiatos;Verificar se a textura foi devidamente misturada e diluida conforme informações do fabricante, Verificar se a camada aplicada ficou uniforme e se foi realizado os recortes e requadros com o acabamento texturizado.Verificar se o desenho da textura acabada ficou homogeneo e foi o estipulado pelo memorial ou engenharia.;
;;;;;ACABAMENTO E LIMPEZA;Verificar visualmente, se a pintura apresenta-se uniforme, sem falhas (mostrando a camada inferior), imperfeições ou escorrimentos. Verificar se foi executado todos os recortes (rodapé,  janelas, forro/teto e encontros com revestimentos cerâmicos).  Verificar se foi feito a limpeza, limpado possíveis respingos no piso, retirado o material e recipientes utilizados na execução da pintura, como fitas crepe,  papeis e lonas, e destinação correta dos restos. ;
8.5.1 /01-01-34;Execução de Impermeabilização;8.6.1/ 01-01-34;Execução de Impermeabilização;Bloco;Verificações iniciais;Verificar se os locais a ser impermeabilizados estão isentos de poeira, barro, óleos ou graxas, verificar se os produtos utilizados para impermeabilização são os previstos, e para argamassas se estão devidamente misturadas.;
;;;;;Impermeabilização em vigas baldrames;Verificar se as vigas baldrames foram impermeabilizadas com o material previsto , se a pintura ficou homogênea, verificar se foi deixado a falha nos pontos de aderência das colunas e pilares, verificar se a pintura foi feita nas laterais e parte superior da viga baldrame. ;
;;;;;Impermeabilização em alvenaria;Verificar se a proporção de aditivo impermeabilizante colocado na argamassa é a prevista e se está sendo devidamente misturada, Verificar se a primeira fiada foi assentada com argamassa impermeabilizada e  verificar se foi mantido uma espessura de argamassa de assentamento de um a dois centímetros. ;
;;;;;Impermeabilizações em lajes e paredes;Para impermeabilizações em lajes, verificar se foi devidamente taliscada deixando os caimentos necessários para evitar pontos de alagamento, verificar se a superfície foi devidamente sarrafeada e desempenada. Para revestimentos em paredes, verificar se a parede foi taliscada e a camada está com espessura mínima de 10mm, verificar se foi devidamente sarrafeada  e desempenada, para caixas verificar se foi feito meia cana (quebra de arestas) nos cantos.;
;;;;;Impermeabilizações em pinturas;Para impermeabilizações em paredes já revestidas, verificar se a cura do reboco atingiu os 28 dias, verificar se não tem buracos e trincas nas paredes, verificar se a parede foi devidamente lixada para remover as areias soltas na superfície.  ;
;;;;;Impermeabilizações em pinturas;Para impermeabilizações em paredes de concreto, verificar se as paredes atingiram a cura de no mínima de 28 dias, verificar se o tamponamento de faquetas foi executado corretamente, verificar se foi devidamente estucado as falhas no pé das paredes, verificar se foi delimitado uma altura de 60 centímetros (mínimo) para o barrado impermeável, verificar se foi impermeabilizado uma faixa de 10 cm na calçada rente ao pé da parede, verificar se a pintura ficou homogênea e não apresenta falhas, bolhas ou buracos.;
;;;;;Limpeza;Verificar se ao termino dos serviços foi executada a limpeza do local, retirado os restos de argamassa, vasilhames e materiais de proteção do piso, verificar se houve um descarte correto para os vasilhames.;
8.5.1 /01-01-34;Execução de Impermeabilização;8.6.1/ 01-01-34;Execução de Impermeabilização;Apartamento;Verificações iniciais;Verificar se os locais a ser impermeabilizados estão isentos de poeira, barro, óleos ou graxas, verificar se os produtos utilizados para impermeabilização são os previstos, e para argamassas se estão devidamente misturadas.;
;;;;;Impermeabilização em vigas baldrames;Verificar se as vigas baldrames foram impermeabilizadas com o material previsto , se a pintura ficou homogênea, verificar se foi deixado a falha nos pontos de aderência das colunas e pilares, verificar se a pintura foi feita nas laterais e parte superior da viga baldrame. ;
;;;;;Impermeabilização em alvenaria;Verificar se a proporção de aditivo impermeabilizante colocado na argamassa é a prevista e se está sendo devidamente misturada, Verificar se a primeira fiada foi assentada com argamassa impermeabilizada e  verificar se foi mantido uma espessura de argamassa de assentamento de um a dois centímetros. ;
;;;;;Impermeabilizações em lajes e paredes;Para impermeabilizações em lajes, verificar se foi devidamente taliscada deixando os caimentos necessários para evitar pontos de alagamento, verificar se a superfície foi devidamente sarrafeada e desempenada. Para revestimentos em paredes, verificar se a parede foi taliscada e a camada está com espessura mínima de 10mm, verificar se foi devidamente sarrafeada  e desempenada, para caixas verificar se foi feito meia cana (quebra de arestas) nos cantos.;
;;;;;Impermeabilizações em pinturas;Para impermeabilizações em paredes já revestidas, verificar se a cura do reboco atingiu os 28 dias, verificar se não tem buracos e trincas nas paredes, verificar se a parede foi devidamente lixada para remover as areias soltas na superfície.  ;
;;;;;Impermeabilizações em pinturas;Para impermeabilizações em paredes de concreto, verificar se as paredes atingiram a cura de no mínima de 28 dias, verificar se o tamponamento de faquetas foi executado corretamente, verificar se foi devidamente estucado as falhas no pé das paredes, verificar se foi delimitado uma altura de 60 centímetros (mínimo) para o barrado impermeável, verificar se foi impermeabilizado uma faixa de 10 cm na calçada rente ao pé da parede, verificar se a pintura ficou homogênea e não apresenta falhas, bolhas ou buracos.;
;;;;;Limpeza;Verificar se ao termino dos serviços foi executada a limpeza do local, retirado os restos de argamassa, vasilhames e materiais de proteção do piso, verificar se houve um descarte correto para os vasilhames.;
8.5.1 /01-01-36;Montagem de Calhas, Rufos e Condutores;8.6.1/ 01-01-36;Montagem de Calhas, Rufos e Condutores;Bloco;Verificação inicial;Verificar se todos os serviços anteriores foram concluídos, verificar se as calhas e os rufos estão nas dimensões conforme projeto.;
;;;;;Estrutura do telhado;Verificar se a estrutura do telhado foi executada e deixado os espaçamentos necessários para colocação das calhas, verificar se as calhas foram instaladas antes da colocação das telhas.;
;;;;;Calhas e condutores;Verificar se as calhas foram fixadas e chumbadas nas paredes, verificar se foi deixado desnível para escoamento das águas de chuvas, verificar se as emendas foram rebitadas e soldadas, Verificar se foram instalados os condutores e se os mesmos estão bem fixados e chumbados, verificar se  estão bem encaixados nas calhas e não apresentam pontos de vazamento,  verificar se os condutores estão conduzindo as aguas para     local   correto ( sarjeta, área externa a construção);
;;;;;Rufos e pingadeiras;Verificar se os rufos foram devidamente pregados e chumbados com argamassa de cimento e areia (1:3), verificar se os rufos foram recortados para melhor encaixe na onda das telhas ( se for o caso), verificar se  as pingadeiras foram fixadas e calafetadas com silicone PU.;
;;;;;Considerações finais;Verificar se as calhas foram testadas, verificar se foi deixado desnível para escoamento das águas de chuvas, verificar se foi feito a limpeza do local e dado a destinação correta para os restos construtivos.;
8.5.1 /01-01-37;Execução de Portas e Janelas em Vidro Temperado e Vidro Comum;8.6.1/ 01-01-37;Execução de Portas e Janelas em Vidro Temperado e Vidro Comum;Bloco;Condições para início do serviço;Verificar se todas as etapas anteriores já foram concluídas e o local está preparado para receber os vidros. Verificar se os acessórios e massa de fixação estão disponíveis para execução dos serviços.;
;;;;;Vidros temperados;Verificar se os trilhos e peitoris foram colocados de maneira correta e se após a colocação dos mesmos o vão se encontra requadrado, esquadrejado e com as dimensões corretas de projeto, verificar se os trilhos foram limpos, verificar se as janelas estão fechando corretamente.;
;;;;;Portas de vidro temperado;Para portas em vidro temperado verificar se as roldanas ou dobradiças foram devidamente fixadas e parafusadas, verificar se os trilhos estão bem fixados, para os trilhos instalados no piso verificar se estão limpos, verificar se as portas estão fechando corretamente e são suficiente para o vão deixado.;
;;;;;Vidros comuns;Verificar se as esquadrias foram pintadas, verificar se as peças cortadas estão nos tamanhos corretos, verificar se o vidro foi devidamente fixado com massa de gesso, e foi executado o acabamento com  espátula.;
;;;;;Acabamentos finais;Verificar se as peças foram limpas após termino dos serviços, verificar se as janelas e portas de vidro temperado estão funcionando corretamente, verificar se foi executado limpeza no local e dado a destinação correta ao resíduos.;
8.5.1 /01-01-38;Execução de Fossa Séptica;8.6.1/ 01-01-38;Execução de Fossa Séptica;Bloco;Cuidados para o início do serviço;Verificar se as etapas anteriores já foram concluidas e está liberado para execução da fossa séptica, verificar se o executor tem conhecimento projeto e das dimensões da fossa septica.;
;;;;;Profundidade da escavação, e locação da fossa;Verificar se  a escavação está sendo executada no local correto e dentro dos limites do lote, se a profundidade atende o desnível do esgoto interno, e verificar se a locação da fossa foi executada no sentido e alinhamento correto.;
;;;;;Concretagem do fundo, esquadro, alinhamento e nível de respaldo;Verificar se o fundo  está nivelado e foi compactado, verificar se foi executado um concreto magro antes de lançar a ferragem, verificar a espessura do concreto do fundo está em acordo com o projeto, verificar se a caixa foi executada no esquadro, prumo e respaldada no nível.  ;
;;;;;Reboco e impermeabilização ;Verificar se foi adicionado à argamassa de reboco impermeabilizante, se os cantos foram quebrados (cheios com argamassa), e toda a parte interna foi natada com cimento. Caso não seja utilizado o revestimento em argamassa, verificar se foi aplicado duas camadas de impermeabilizante nas parede e fundo.;
;;;;;Fossas premoldadas;Para fossas premoldadas verificar se as placas estão nas dimensões conforme projeto, e se estão devidamente curadas. Verificar se após instalação ficaram bem travadas e com os devidos enchimentos nos cantos;
;;;;;Tubulação, Chincanas (divisórias),Tamponamento e reaterro.;Verificar se a tubulação foi colocada com o desnivel  e conexões conforme projeto, verificar o distanciamento das divisórias e suas alturas, se foi colocado argamassa para apoio da tampa e se está com as dimenções corretas, verificar se o reaterro foi executado de acordo com o P.O.;
8.5.1 /01-01-39;Execução de Caixa de Passagem;8.6.1/ 01-01-39;Execução de Caixa de Passagem;Bloco;Verificações iniciais e escavação;Verificar se o executor tem conhecimento do serviço, das dimensões da caixa a ser executada. Verificar se  a escavação está sendo executada no local correto e dentro dos limites do lote, se a profundidade atende o desnível do esgoto interno,  verificar se a locação da caixa foi executada no sentido e alinhamento correto.;
;;;;;Caixas em alvenaria;Verificar se o fundo  está nivelado e foi compactado, verificar se foi concretado antes de iniciar o assentamento dos tijolos, verificar  se a espessura do concreto do fundo está em acordo com o projeto, verificar a caixa foi executada no esquadro, prumo e respaldada no nível  do piso.;
;;;;;Caixas em alvenaria, revestimento e tampa;Verificar se foi adicionado à argamassa de reboco impermeabilizante, se os cantos estão bem acabados, verificar se as pontas de tubulações foram bem chumbadas e envolvidas pelo reboco. Verificar se a tampa está numa espessura mínima de 5 cm, e no tamanho da caixa pelo lado externo.;
;;;;;Caixas em pvc;Verificar se a escavação foi executada o suficiente para colocação da caixa e esta está bem apoiada no fundo da vala, verificar se as tubulações foram bem encaixadas, e estão com os devidos desníveis.;
;;;;;Verificações finais;Verificar se todas as tubulações de entrada e saída foram conectadas as caixas, verificar se as tampas ficaram na altura da calçada ou determinada em memorial, verificar se foi executado o reaterro das laterais, verificar se foi feito limpeza no local e destinação correta aos resíduos.;
8.5.1 /01-01-44;Execução de instalação de gás - GLP;8.6.1/ 01-01-44;Execução de instalação de gás - GLP;Bloco;Condições para início do serviço;Verificar se o pessoal tem experiencia e está devidamente treinado para execução do serviço, verificar se os executores tem conhecimento do projeto de execução do sitema de gás.;
;;;;;Execução das tubulações;Verificar se o caminho das tubulações de gás está livre e não irá colidir com outras instalações impossibilitando a passagem da mesma. Verificar se as tubulações aparentes, estão bem fixadas nas paredes. Verificar se as tubulações dentro do revestimento, foram devidamente chumbadas com argamassa de cimento:areia. Para tubulações em compartimentos tipo shaft, estas deverão ser isoladas das demais com uma camadas de revestiemento de argamassa (cimento:areia);
;;;;;Pontos de consumo;Verificar se os pontos de abastecimento estão nos locais previstos em projeto, e a conexão final atenderá a interligação do equipamento para o consumo. Verificar se foi colocado registro ou válvula de fechamento.;
;;;;;Tubulações enterradas;Verificar se as tubulações enterradas, foram lançadas na profundidade prevista e o reaterro foi realizado com o envelopamento de concreto, conforme projeto.  ;
;;;;;Central de armazenamento do GLP;Verificar se a central foi executada conforme projeto, se as dimensões estão corretas confome previsto,verificar se o piso da central esta acima do nivel externo no minimo 5cm para evitar a entrada e acumulo de aguas de chuvas. Verificar se a laje forro da central esta inclinada e bem acabada para evitar infiltração de umidades.;
;;;;;Inspeções finais;Após conclusão das instalações de gás, verificar se foram colocados dispositivos de proteção nas redes (válvulas e registros), verificar se as centrais estão com a sinalização de emergência  conforme projeto. Verificar se após pressurização da rede, se não houve vazamentos, e o teste de estaqueidade está conforme.;
